,TP,FP,FN,TN,TPR_mean,PPV_mean,FPR_mean,ACC_mean,PPF_mean,F1,MCC,RG,PG,ROC_AUC,PR_AUC,PRG_AUC,cutoff
ML__exclude_hospital,96,683,86,3049,0.5274725274725275,0.12323491655969192,0.18301178992497322,0.8035258048032703,0.19902912621359223,0.19979188345473467,0.18165976049139668,0.9563125223294033,0.6530401482672383,0.7443361836448653,0.1257069670759442,0.7642333307784355,0.2115865801754443
LR__exclude_hospital,99,679,83,3053,0.5439560439560439,0.12724935732647816,0.18193997856377278,0.805314256515074,0.198773633111906,0.20625000000000002,0.19101018707114367,0.9591141858022887,0.6655244838524581,0.7434572394379467,0.15084686205021774,0.8491513330325671,0.08082028440282286
ML__top_10,94,685,88,3047,0.5164835164835165,0.12066752246469833,0.1835476956055734,0.8025038323965253,0.19902912621359223,0.19562955254942768,0.17558181495603403,0.954345396912271,0.6446204191466557,0.7301862125013251,0.12031299858235059,0.7514651781378938,0.23732787944043898
LR__top_10,98,681,84,3051,0.5384615384615384,0.1258023106546855,0.182475884244373,0.8045477772100154,0.19902912621359223,0.20395421436004163,0.1877377060267593,0.9581993569131833,0.6611162149747358,0.7369144788758937,0.13866912928344924,0.8250037075086293,0.08002594857211338
ML__exclude_hospital__exclude_age,86,692,96,3040,0.4725274725274725,0.11053984575835475,0.18542336548767416,0.7986714358712315,0.198773633111906,0.17916666666666664,0.151484462810076,0.945561953189262,0.6075924125725964,0.719687466873962,0.12070717050907337,0.7598085016479258,0.15528515734634077
only_age,87,677,95,3055,0.47802197802197804,0.11387434554973822,0.18140407288317256,0.8027593254982115,0.1951967296882984,0.1839323467230444,0.1575802984661685,0.9467482228874844,0.620511019945547,0.6970402989293665,0.12143859151736319,0.7588095126167506,0.7767767767767767
