,TP,FP,FN,TN,TPR_mean,PPV_mean,FPR_mean,ACC_mean,PPF_mean,F1,MCC,RG,PG,ROC_AUC,PR_AUC,PRG_AUC,cutoff
ML__exclude_hospital,125,655,104,3030,0.5458515283842795,0.16025641025641027,0.17774762550881953,0.8060807358201328,0.1992846193152785,0.24777006937561946,0.21627688804790265,0.9482963364993215,0.6743663500678426,0.7554679954732094,0.18244657674964898,0.8190521584547266,0.09271579605986811
LR__exclude_hospital,117,657,112,3028,0.5109170305676856,0.1511627906976744,0.17829036635006784,0.8035258048032703,0.19775166070516095,0.23330009970089727,0.19600098023421691,0.9405118927506987,0.6510385137250809,0.7415297470566975,0.16014909803243219,0.7775407209986537,0.1019926617275867
ML__top_10,96,674,133,3011,0.4192139737991266,0.12467532467532468,0.18290366350067844,0.7938170669391926,0.19672968829841594,0.19219219219219216,0.13951873389123037,0.913904907281773,0.56369855269109,0.7007329371404194,0.1211755748505223,0.6333835323854778,0.03639375715398109
LR__top_10,114,665,115,3020,0.4978165938864629,0.14634146341463414,0.18046132971506107,0.8007153806847215,0.19902912621359223,0.2261904761904762,0.18654975906558866,0.9373110523935347,0.6374943464495704,0.7309830363861517,0.151806324739801,0.773394352376647,0.09879728489864244
ML__exclude_hospital__exclude_age,108,672,121,3013,0.47161572052401746,0.13846153846153847,0.18236092265943013,0.7973939703628002,0.1992846193152785,0.2140733399405352,0.16994964477799523,0.930375898286346,0.6133273028795416,0.7298098629520123,0.14993504307727817,0.7497999055877825,0.11485826868282928
only_age,102,662,127,3023,0.44541484716157204,0.13350785340314136,0.1796472184531886,0.7984159427695452,0.1951967296882984,0.20543806646525678,0.157375315055391,0.9226248436959588,0.5966743821001943,0.6870411736474437,0.13398993130168124,0.7063107236116575,0.7767767767767767
